session_id,user_id,start_time,end_time,session_duration,features_used,action_count
1001,104,2023-01-12 21:56:00,2023-01-12 22:22:33,1593,"reports, collaboration",5
1002,104,2023-01-02 19:49:00,2023-01-02 20:47:38,3518,"notifications, task_management",36
1003,101,2023-01-02 23:48:00,2023-01-02 23:54:11,371,"collaboration, task_management",31
1004,102,2023-01-10 01:01:00,2023-01-10 01:45:07,2647,"collaboration, task_management",18
1005,102,2023-01-20 08:56:00,2023-01-20 09:22:21,1581,"reports, notifications, settings",14
1006,104,2023-01-29 21:11:00,2023-01-29 22:09:38,3518,collaboration,29
1007,102,2023-01-22 13:25:00,2023-01-22 13:48:49,1429,"task_management, notifications, settings",36
1008,101,2023-01-30 02:07:00,2023-01-30 02:53:16,2776,"task_management, settings, collaboration",28
1009,101,2023-01-24 04:39:00,2023-01-24 05:37:36,3516,settings,19
1010,104,2023-01-30 22:03:00,2023-01-30 22:49:44,2804,settings,26
1011,104,2023-01-26 06:27:00,2023-01-26 06:44:03,1023,"collaboration, notifications, task_management",35
1012,103,2023-01-21 12:41:00,2023-01-21 13:15:59,2099,"notifications, collaboration",27
1013,102,2023-01-04 11:21:00,2023-01-04 12:11:36,3036,"reports, settings, collaboration",31
1014,104,2023-01-09 17:50:00,2023-01-09 18:37:06,2826,"notifications, task_management, reports",16
1015,102,2023-01-20 04:55:00,2023-01-20 05:22:13,1633,"task_management, collaboration",14
1016,103,2023-01-07 02:50:00,2023-01-07 03:35:01,2701,"notifications, collaboration, task_management",38
1017,102,2023-01-07 12:08:00,2023-01-07 12:52:07,2647,"settings, notifications",37
1018,104,2023-01-06 00:22:00,2023-01-06 00:53:15,1875,"reports, collaboration",48
1019,103,2023-01-30 15:34:00,2023-01-30 15:41:00,420,"collaboration, notifications, settings",19
1020,104,2023-01-04 23:47:00,2023-01-05 00:02:09,909,collaboration,39
1021,101,2023-01-08 21:04:00,2023-01-08 21:41:29,2249,settings,22
1022,103,2023-01-08 10:05:00,2023-01-08 11:01:20,3380,collaboration,40
1023,104,2023-01-05 20:18:00,2023-01-05 20:38:30,1230,"notifications, collaboration",30
1024,101,2023-01-23 19:45:00,2023-01-23 19:50:16,316,task_management,28
1025,103,2023-01-02 17:24:00,2023-01-02 18:01:49,2269,"task_management, reports",22
1026,103,2023-01-06 06:07:00,2023-01-06 06:55:54,2934,"task_management, notifications, reports",22
1027,103,2023-01-16 07:56:00,2023-01-16 08:28:52,1972,"reports, notifications",40
1028,101,2023-01-23 11:42:00,2023-01-23 12:31:58,2998,"collaboration, task_management",45
1029,102,2023-01-19 22:31:00,2023-01-19 23:03:18,1938,"settings, reports",30
1030,102,2023-01-19 18:55:00,2023-01-19 19:37:17,2537,"notifications, collaboration, reports",25
1031,101,2023-01-23 22:22:00,2023-01-23 23:07:10,2710,"notifications, task_management, reports",42
1032,101,2023-01-20 00:17:00,2023-01-20 00:46:17,1757,"reports, task_management, settings",50
1033,103,2023-01-12 20:21:00,2023-01-12 20:26:26,326,"collaboration, reports, notifications",23
1034,103,2023-01-05 23:59:00,2023-01-06 00:11:34,754,"reports, collaboration",46
1035,102,2023-01-08 15:20:00,2023-01-08 16:02:40,2560,"reports, settings",30
1036,102,2023-01-23 09:54:00,2023-01-23 10:09:05,905,"collaboration, reports, task_management",48
1037,102,2023-01-19 03:56:00,2023-01-19 04:39:08,2588,"settings, task_management",48
1038,102,2023-01-06 15:29:00,2023-01-06 16:08:13,2353,task_management,31
1039,101,2023-01-16 09:53:00,2023-01-16 10:05:35,755,settings,6
1040,101,2023-01-18 06:15:00,2023-01-18 07:06:50,3110,"task_management, collaboration, reports",11
1041,102,2023-01-18 04:52:00,2023-01-18 05:11:17,1157,"collaboration, settings",21
1042,103,2023-01-18 00:58:00,2023-01-18 01:34:26,2186,"task_management, notifications",13
1043,103,2023-01-18 15:50:00,2023-01-18 16:22:08,1928,settings,25
1044,102,2023-01-04 16:33:00,2023-01-04 17:06:23,2003,"task_management, notifications, reports",8
1045,102,2023-01-10 12:15:00,2023-01-10 12:34:09,1149,task_management,23
1046,104,2023-01-09 17:20:00,2023-01-09 17:37:07,1027,"reports, task_management, collaboration",21
1047,104,2023-01-20 22:55:00,2023-01-20 23:47:15,3135,reports,50
1048,104,2023-01-11 13:57:00,2023-01-11 14:14:40,1060,"reports, settings, notifications",38
1049,101,2023-01-30 22:01:00,2023-01-30 22:12:07,667,reports,14
1050,103,2023-01-08 16:49:00,2023-01-08 17:20:48,1908,"notifications, task_management, settings",37
1051,102,2023-01-06 20:11:00,2023-01-06 21:08:42,3462,"collaboration, task_management, settings",25
1052,101,2023-01-21 21:21:00,2023-01-21 21:27:13,373,"task_management, settings",16
1053,103,2023-01-28 01:43:00,2023-01-28 02:42:17,3557,"notifications, reports, collaboration",6
1054,104,2023-01-04 19:56:00,2023-01-04 20:37:51,2511,notifications,25
1055,103,2023-01-04 11:17:00,2023-01-04 11:56:36,2376,task_management,29
1056,102,2023-01-20 11:58:00,2023-01-20 12:27:53,1793,reports,44
1057,103,2023-01-10 23:56:00,2023-01-11 00:25:28,1768,"collaboration, notifications, settings",28
1058,103,2023-01-28 21:21:00,2023-01-28 22:00:34,2374,"task_management, notifications, collaboration",26
1059,104,2023-01-30 12:34:00,2023-01-30 12:42:52,532,"settings, collaboration, notifications",32
1060,103,2023-01-26 21:57:00,2023-01-26 22:09:36,756,"collaboration, task_management, settings",17
1061,101,2023-01-13 12:49:00,2023-01-13 13:30:47,2507,notifications,18
1062,102,2023-01-24 17:54:00,2023-01-24 18:39:16,2716,collaboration,6
1063,101,2023-01-09 06:29:00,2023-01-09 06:37:48,528,"reports, collaboration, settings",50
1064,104,2023-01-26 03:44:00,2023-01-26 04:34:21,3021,"task_management, settings",26
1065,102,2023-01-26 07:22:00,2023-01-26 07:50:38,1718,reports,48
1066,102,2023-01-15 12:53:00,2023-01-15 13:16:56,1436,"task_management, notifications, reports",22
1067,101,2023-01-15 16:45:00,2023-01-15 17:38:04,3184,notifications,32
1068,104,2023-01-24 07:17:00,2023-01-24 07:50:13,1993,"notifications, settings",27
1069,101,2023-01-22 12:40:00,2023-01-22 13:24:54,2694,collaboration,26
1070,101,2023-01-01 23:36:00,2023-01-02 00:13:54,2274,"settings, collaboration, task_management",18
1071,104,2023-01-10 09:05:00,2023-01-10 10:05:00,3600,task_management,6
1072,102,2023-01-09 22:32:00,2023-01-09 23:25:35,3215,reports,32
1073,103,2023-01-14 09:54:00,2023-01-14 10:15:57,1317,"task_management, notifications, settings",7
1074,102,2023-01-07 13:31:00,2023-01-07 14:02:19,1879,"collaboration, notifications",11
1075,104,2023-01-03 03:58:00,2023-01-03 04:45:52,2872,notifications,17
1076,103,2023-01-27 13:47:00,2023-01-27 14:24:05,2225,"collaboration, notifications, settings",44
1077,101,2023-01-28 18:46:00,2023-01-28 19:36:27,3027,"collaboration, reports, task_management",38
1078,103,2023-01-30 09:42:00,2023-01-30 10:00:58,1138,"collaboration, notifications",33
1079,103,2023-01-16 00:14:00,2023-01-16 01:01:37,2857,"reports, collaboration, task_management",49
1080,104,2023-01-13 02:28:00,2023-01-13 03:17:02,2942,notifications,34
1081,102,2023-01-22 09:11:00,2023-01-22 09:48:07,2227,reports,26
1082,104,2023-01-28 10:06:00,2023-01-28 10:13:51,471,"notifications, collaboration",8
1083,104,2023-01-15 07:40:00,2023-01-15 08:24:31,2671,"task_management, reports",38
1084,104,2023-01-04 20:52:00,2023-01-04 21:25:23,2003,collaboration,23
1085,104,2023-01-11 20:37:00,2023-01-11 20:55:06,1086,"reports, notifications, settings",25
1086,101,2023-01-30 09:05:00,2023-01-30 10:00:48,3348,task_management,33
1087,104,2023-01-25 01:38:00,2023-01-25 02:32:44,3284,collaboration,8
1088,104,2023-01-02 04:12:00,2023-01-02 04:17:33,333,notifications,33
1089,103,2023-01-11 13:51:00,2023-01-11 14:28:35,2255,"task_management, notifications, settings",38
1090,103,2023-01-03 05:10:00,2023-01-03 05:48:34,2314,"notifications, settings",14
1091,101,2023-01-06 08:25:00,2023-01-06 09:00:50,2150,collaboration,44
1092,103,2023-01-10 18:32:00,2023-01-10 19:18:46,2806,"settings, task_management",37
1093,102,2023-01-11 20:59:00,2023-01-11 21:28:01,1741,"collaboration, task_management",17
1094,103,2023-01-14 04:35:00,2023-01-14 04:59:42,1482,collaboration,50
1095,102,2023-01-08 23:10:00,2023-01-08 23:50:59,2459,"reports, task_management, collaboration",13
1096,102,2023-01-20 00:15:00,2023-01-20 00:51:37,2197,"settings, reports, collaboration",22
1097,102,2023-01-17 01:28:00,2023-01-17 02:15:06,2826,"settings, reports, task_management",24
1098,101,2023-01-01 04:08:00,2023-01-01 05:01:47,3227,reports,5
1099,101,2023-01-17 03:09:00,2023-01-17 03:32:10,1390,"task_management, reports, collaboration",49
1100,101,2023-01-10 13:42:00,2023-01-10 14:34:49,3169,"settings, notifications, reports",26
1101,101,2023-01-01 12:50:00,2023-01-01 13:15:49,1549,"settings, task_management, notifications",46
1102,103,2023-01-05 03:10:00,2023-01-05 03:40:46,1846,"settings, reports, collaboration",22
1103,103,2023-01-15 02:31:00,2023-01-15 02:53:06,1326,"reports, notifications, settings",5
1104,103,2023-01-06 15:09:00,2023-01-06 16:08:49,3589,reports,6
1105,104,2023-01-16 07:17:00,2023-01-16 07:26:03,543,task_management,5
1106,102,2023-01-25 06:08:00,2023-01-25 07:02:08,3248,"collaboration, reports, task_management",14
1107,103,2023-01-25 07:29:00,2023-01-25 07:54:13,1513,"notifications, reports",20
1108,101,2023-01-15 16:35:00,2023-01-15 16:48:35,815,"collaboration, notifications, settings",6
1109,104,2023-01-09 14:38:00,2023-01-09 15:27:53,2993,"task_management, reports",17
1110,101,2023-01-11 05:08:00,2023-01-11 05:58:49,3049,notifications,34
1111,102,2023-01-24 02:36:00,2023-01-24 03:18:50,2570,"reports, collaboration, settings",24
1112,103,2023-01-18 13:04:00,2023-01-18 13:27:05,1385,collaboration,33
1113,101,2023-01-09 12:55:00,2023-01-09 13:44:36,2976,collaboration,13
1114,104,2023-01-24 04:06:00,2023-01-24 04:35:33,1773,"notifications, collaboration, settings",14
1115,102,2023-01-23 10:53:00,2023-01-23 11:03:55,655,settings,48
1116,101,2023-01-25 21:46:00,2023-01-25 22:01:38,938,"task_management, settings",46
1117,103,2023-01-07 19:43:00,2023-01-07 20:37:48,3288,"notifications, collaboration, task_management",26
1118,101,2023-01-21 08:36:00,2023-01-21 09:18:16,2536,"settings, collaboration, task_management",7
1119,101,2023-01-24 05:32:00,2023-01-24 06:10:54,2334,reports,23
1120,102,2023-01-22 00:54:00,2023-01-22 01:12:46,1126,"collaboration, notifications, settings",11
1121,102,2023-01-03 07:37:00,2023-01-03 07:43:02,362,"notifications, reports",16
1122,101,2023-01-20 15:12:00,2023-01-20 15:21:25,565,"settings, task_management",42
1123,103,2023-01-25 07:22:00,2023-01-25 07:51:29,1769,"task_management, reports",41
1124,102,2023-01-17 18:39:00,2023-01-17 19:32:53,3233,"task_management, notifications",20
1125,104,2023-01-04 13:16:00,2023-01-04 13:36:54,1254,task_management,10
1126,104,2023-01-23 00:32:00,2023-01-23 00:49:50,1070,notifications,16
1127,101,2023-01-23 07:22:00,2023-01-23 08:05:11,2591,"reports, task_management",31
1128,103,2023-01-28 06:49:00,2023-01-28 07:35:12,2772,"reports, notifications",33
1129,102,2023-01-02 13:59:00,2023-01-02 14:47:52,2932,"task_management, notifications, reports",21
1130,102,2023-01-05 16:08:00,2023-01-05 16:24:18,978,"notifications, reports, collaboration",27
1131,103,2023-01-12 14:50:00,2023-01-12 15:04:28,868,"task_management, collaboration",48
1132,103,2023-01-22 22:24:00,2023-01-22 22:54:46,1846,"notifications, collaboration",45
1133,104,2023-01-17 07:19:00,2023-01-17 07:30:26,686,"task_management, reports, settings",21
1134,101,2023-01-15 09:40:00,2023-01-15 09:48:02,482,"reports, collaboration",25
1135,104,2023-01-13 03:09:00,2023-01-13 03:39:50,1850,settings,37
1136,101,2023-01-03 19:24:00,2023-01-03 20:19:34,3334,"collaboration, reports",17
1137,102,2023-01-10 18:52:00,2023-01-10 19:36:23,2663,"settings, notifications",37
1138,103,2023-01-21 00:01:00,2023-01-21 00:49:35,2915,reports,8
1139,102,2023-01-10 22:57:00,2023-01-10 23:07:25,625,"notifications, collaboration",37
1140,104,2023-01-30 23:55:00,2023-01-31 00:42:54,2874,"notifications, task_management, collaboration",24
1141,102,2023-01-30 07:44:00,2023-01-30 08:24:00,2400,"collaboration, task_management",45
1142,101,2023-01-18 05:12:00,2023-01-18 05:25:38,818,settings,42
1143,103,2023-01-20 18:10:00,2023-01-20 18:31:43,1303,collaboration,5
1144,103,2023-01-04 15:48:00,2023-01-04 16:27:20,2360,"task_management, collaboration",10
1145,101,2023-01-04 02:24:00,2023-01-04 02:57:30,2010,notifications,31
1146,101,2023-01-24 10:39:00,2023-01-24 11:23:26,2666,reports,25
1147,102,2023-01-02 22:14:00,2023-01-02 22:56:46,2566,"notifications, settings",18
1148,104,2023-01-23 13:17:00,2023-01-23 14:06:07,2947,"collaboration, settings",25
1149,103,2023-01-26 18:24:00,2023-01-26 19:20:27,3387,"notifications, task_management, settings",38
1150,104,2023-01-13 07:26:00,2023-01-13 07:39:15,795,task_management,12
1151,101,2023-01-10 01:36:00,2023-01-10 02:03:34,1654,collaboration,27
1152,103,2023-01-09 06:35:00,2023-01-09 07:28:17,3197,"reports, notifications, settings",10
1153,103,2023-01-11 07:03:00,2023-01-11 07:49:50,2810,"task_management, settings",22
1154,104,2023-01-19 08:36:00,2023-01-19 09:16:35,2435,reports,24
1155,104,2023-01-19 04:42:00,2023-01-19 05:16:23,2063,reports,49
1156,102,2023-01-21 20:29:00,2023-01-21 21:14:32,2732,"settings, notifications, reports",15
1157,103,2023-01-26 15:48:00,2023-01-26 16:02:52,892,"task_management, notifications",44
1158,104,2023-01-03 03:32:00,2023-01-03 04:20:17,2897,settings,10
1159,104,2023-01-03 04:38:00,2023-01-03 05:02:47,1487,notifications,39
1160,104,2023-01-19 13:02:00,2023-01-19 13:14:18,738,"task_management, notifications, collaboration",30
1161,101,2023-01-26 21:43:00,2023-01-26 22:19:45,2205,"settings, task_management, reports",49
1162,102,2023-01-19 08:37:00,2023-01-19 08:57:15,1215,"task_management, settings, notifications",33
1163,104,2023-01-28 03:43:00,2023-01-28 03:58:28,928,"notifications, settings",35
1164,102,2023-01-09 18:00:00,2023-01-09 18:46:30,2790,"reports, task_management",36
1165,101,2023-01-22 16:27:00,2023-01-22 16:56:29,1769,"notifications, collaboration",23
1166,103,2023-01-26 12:37:00,2023-01-26 13:32:26,3326,"task_management, settings, reports",31
1167,103,2023-01-04 22:48:00,2023-01-04 23:39:43,3103,reports,7
1168,104,2023-01-21 14:33:00,2023-01-21 14:55:03,1323,"reports, notifications",24
1169,103,2023-01-15 03:12:00,2023-01-15 03:43:14,1874,settings,37
1170,101,2023-01-05 23:37:00,2023-01-06 00:28:23,3083,"settings, notifications, reports",40
1171,102,2023-01-05 11:39:00,2023-01-05 12:36:51,3471,"collaboration, reports",17
1172,103,2023-01-24 02:36:00,2023-01-24 03:02:09,1569,reports,32
1173,104,2023-01-30 06:33:00,2023-01-30 06:52:46,1186,"notifications, task_management, settings",45
1174,103,2023-01-19 11:42:00,2023-01-19 12:02:42,1242,reports,29
1175,101,2023-01-14 07:18:00,2023-01-14 07:23:50,350,"collaboration, reports, settings",25
1176,102,2023-01-22 23:53:00,2023-01-23 00:19:56,1616,"collaboration, task_management",44
1177,101,2023-01-04 02:56:00,2023-01-04 03:06:44,644,"task_management, settings, notifications",11
1178,104,2023-01-16 13:37:00,2023-01-16 14:27:57,3057,"notifications, task_management, collaboration",28
1179,102,2023-01-29 14:09:00,2023-01-29 14:55:35,2795,"task_management, settings",41
1180,102,2023-01-07 08:44:00,2023-01-07 08:51:13,433,"notifications, settings, collaboration",43
1181,102,2023-01-14 13:30:00,2023-01-14 14:06:17,2177,"settings, collaboration",23
1182,101,2023-01-30 08:37:00,2023-01-30 09:08:24,1884,"task_management, notifications",45
1183,103,2023-01-09 23:29:00,2023-01-09 23:51:06,1326,"reports, notifications, collaboration",18
1184,101,2023-01-29 04:44:00,2023-01-29 05:22:30,2310,"collaboration, task_management",47
1185,104,2023-01-20 02:27:00,2023-01-20 02:49:24,1344,"notifications, collaboration, task_management",6
1186,102,2023-01-14 21:54:00,2023-01-14 22:40:41,2801,reports,36
1187,102,2023-01-20 03:03:00,2023-01-20 03:14:47,707,"task_management, collaboration, settings",18
1188,103,2023-01-28 19:10:00,2023-01-28 19:16:06,366,settings,40
1189,102,2023-01-16 18:16:00,2023-01-16 18:55:01,2341,"notifications, task_management",19
1190,102,2023-01-23 12:52:00,2023-01-23 13:36:24,2664,"notifications, reports",28
1191,104,2023-01-19 14:34:00,2023-01-19 14:40:57,417,"settings, task_management, notifications",12
1192,104,2023-01-07 14:17:00,2023-01-07 14:29:07,727,"collaboration, settings",41
1193,102,2023-01-30 21:24:00,2023-01-30 21:58:04,2044,"reports, settings",29
1194,102,2023-01-22 18:42:00,2023-01-22 18:55:25,805,"task_management, notifications",46
1195,103,2023-01-30 03:22:00,2023-01-30 04:21:49,3589,"settings, reports, collaboration",45
1196,103,2023-01-25 18:02:00,2023-01-25 18:33:34,1894,"collaboration, reports",35
1197,102,2023-01-19 07:36:00,2023-01-19 07:57:35,1295,"notifications, reports, collaboration",38
1198,103,2023-01-23 00:49:00,2023-01-23 01:11:07,1327,collaboration,29
1199,104,2023-01-11 00:22:00,2023-01-11 00:49:13,1633,"reports, settings, notifications",17
1200,102,2023-01-24 21:01:00,2023-01-24 21:22:07,1267,settings,39
1201,102,2023-01-27 21:59:00,2023-01-27 22:45:14,2774,"notifications, collaboration",24
1202,104,2023-01-10 20:13:00,2023-01-10 20:35:31,1351,"collaboration, reports",7
1203,104,2023-01-01 04:49:00,2023-01-01 05:16:21,1641,collaboration,14
1204,102,2023-01-11 17:36:00,2023-01-11 18:18:47,2567,task_management,36
1205,102,2023-01-16 22:51:00,2023-01-16 23:25:36,2076,"collaboration, notifications, settings",20
1206,101,2023-01-07 03:16:00,2023-01-07 04:14:59,3539,"task_management, reports, notifications",6
1207,102,2023-01-03 02:23:00,2023-01-03 03:16:24,3204,"settings, collaboration, reports",27
1208,104,2023-01-30 19:06:00,2023-01-30 19:53:02,2822,"settings, task_management",15
1209,104,2023-01-03 07:15:00,2023-01-03 07:47:20,1940,"settings, notifications, task_management",17
1210,101,2023-01-20 20:59:00,2023-01-20 21:29:54,1854,collaboration,43
1211,104,2023-01-23 18:23:00,2023-01-23 18:40:26,1046,"reports, collaboration, settings",47
1212,102,2023-01-16 18:21:00,2023-01-16 18:51:55,1855,"collaboration, settings, reports",34
1213,102,2023-01-14 10:52:00,2023-01-14 11:38:20,2780,"task_management, notifications",31
1214,101,2023-01-07 11:54:00,2023-01-07 12:33:06,2346,"settings, reports",21
1215,102,2023-01-05 22:44:00,2023-01-05 23:18:11,2051,"notifications, task_management, settings",15
1216,103,2023-01-07 22:45:00,2023-01-07 23:37:15,3135,reports,46
1217,104,2023-01-16 02:40:00,2023-01-16 03:15:10,2110,"task_management, settings",40
1218,103,2023-01-06 17:45:00,2023-01-06 18:09:44,1484,"settings, task_management",14
1219,102,2023-01-24 00:55:00,2023-01-24 01:54:27,3567,"reports, notifications, task_management",17
1220,104,2023-01-01 10:14:00,2023-01-01 10:54:30,2430,"collaboration, reports",15
1221,104,2023-01-12 03:42:00,2023-01-12 04:36:41,3281,reports,7
1222,104,2023-01-10 00:51:00,2023-01-10 01:46:07,3307,"settings, reports",24
1223,104,2023-01-01 05:28:00,2023-01-01 06:11:45,2625,settings,20
1224,104,2023-01-14 19:44:00,2023-01-14 20:34:46,3046,"collaboration, notifications",36
1225,104,2023-01-22 22:27:00,2023-01-22 23:06:22,2362,"collaboration, notifications",25
1226,102,2023-01-20 10:46:00,2023-01-20 11:10:14,1454,"collaboration, task_management, reports",22
1227,102,2023-01-08 08:29:00,2023-01-08 09:03:33,2073,"task_management, settings",27
1228,104,2023-01-08 13:27:00,2023-01-08 13:45:51,1131,"task_management, notifications",44
1229,102,2023-01-25 22:36:00,2023-01-25 23:29:11,3191,"notifications, collaboration",31
1230,103,2023-01-29 07:18:00,2023-01-29 08:13:02,3302,"reports, notifications, settings",31
1231,102,2023-01-18 06:51:00,2023-01-18 07:48:18,3438,"reports, task_management, notifications",17
1232,101,2023-01-23 23:44:00,2023-01-24 00:41:18,3438,"notifications, collaboration, reports",12
1233,104,2023-01-15 13:43:00,2023-01-15 14:36:27,3207,"settings, reports, task_management",33
1234,102,2023-01-30 00:43:00,2023-01-30 01:13:11,1811,settings,23
1235,104,2023-01-04 14:27:00,2023-01-04 14:56:17,1757,reports,7
1236,103,2023-01-07 11:51:00,2023-01-07 12:17:51,1611,"settings, task_management",28
1237,104,2023-01-16 03:57:00,2023-01-16 04:07:22,622,reports,12
1238,101,2023-01-25 00:38:00,2023-01-25 01:33:47,3347,collaboration,36
1239,103,2023-01-17 10:14:00,2023-01-17 10:50:00,2160,reports,41
1240,102,2023-01-19 11:23:00,2023-01-19 11:37:15,855,"task_management, notifications",24
1241,104,2023-01-25 12:00:00,2023-01-25 12:45:08,2708,collaboration,46
1242,103,2023-01-18 10:44:00,2023-01-18 11:18:11,2051,reports,26
1243,101,2023-01-13 12:05:00,2023-01-13 12:47:52,2572,"notifications, task_management",22
1244,103,2023-01-19 20:10:00,2023-01-19 20:43:25,2005,notifications,11
1245,102,2023-01-07 20:24:00,2023-01-07 21:14:25,3025,"task_management, settings",24
1246,102,2023-01-11 14:43:00,2023-01-11 15:23:11,2411,"task_management, settings, notifications",25
1247,102,2023-01-27 16:26:00,2023-01-27 17:25:14,3554,settings,15
1248,104,2023-01-24 23:49:00,2023-01-25 00:39:29,3029,reports,19
1249,101,2023-01-10 00:55:00,2023-01-10 01:29:08,2048,"reports, notifications",46
1250,102,2023-01-04 08:02:00,2023-01-04 08:46:18,2658,"reports, collaboration",34
1251,101,2023-01-21 04:28:00,2023-01-21 05:04:15,2175,reports,44
1252,101,2023-01-26 07:59:00,2023-01-26 08:43:49,2689,"settings, collaboration, notifications",10
1253,103,2023-01-25 20:51:00,2023-01-25 21:14:49,1429,task_management,16
1254,104,2023-01-25 11:11:00,2023-01-25 11:20:21,561,"reports, collaboration",43
1255,104,2023-01-10 00:57:00,2023-01-10 01:31:35,2075,"task_management, collaboration, notifications",6
1256,102,2023-01-24 01:11:00,2023-01-24 02:02:19,3079,settings,6
1257,102,2023-01-19 16:42:00,2023-01-19 17:24:17,2537,notifications,32
1258,101,2023-01-22 05:08:00,2023-01-22 05:53:26,2726,"notifications, collaboration",20
1259,101,2023-01-06 19:43:00,2023-01-06 20:01:58,1138,"collaboration, settings, task_management",16
1260,104,2023-01-14 23:50:00,2023-01-15 00:25:39,2139,notifications,27
1261,102,2023-01-15 18:08:00,2023-01-15 19:07:59,3599,"task_management, collaboration",20
1262,104,2023-01-22 12:39:00,2023-01-22 13:35:13,3373,"collaboration, task_management, notifications",47
1263,101,2023-01-13 03:38:00,2023-01-13 04:00:02,1322,"notifications, collaboration, reports",36
1264,101,2023-01-02 18:04:00,2023-01-02 18:30:28,1588,"collaboration, notifications",39
1265,101,2023-01-12 23:17:00,2023-01-13 00:15:50,3530,notifications,36
1266,103,2023-01-18 00:43:00,2023-01-18 01:38:11,3311,"settings, reports",12
1267,102,2023-01-22 23:24:00,2023-01-22 23:55:17,1877,settings,17
1268,102,2023-01-14 12:43:00,2023-01-14 13:13:37,1837,reports,44
1269,102,2023-01-28 20:52:00,2023-01-28 21:00:07,487,reports,50
1270,101,2023-01-25 11:16:00,2023-01-25 12:11:33,3333,"notifications, settings, collaboration",18
1271,103,2023-01-10 04:43:00,2023-01-10 05:23:16,2416,"collaboration, settings, reports",36
1272,104,2023-01-02 01:47:00,2023-01-02 02:25:13,2293,notifications,22
1273,103,2023-01-11 03:47:00,2023-01-11 04:36:08,2948,"reports, collaboration, notifications",16
1274,104,2023-01-11 20:28:00,2023-01-11 21:22:10,3250,settings,50
1275,104,2023-01-07 20:11:00,2023-01-07 20:34:11,1391,"settings, notifications, collaboration",29
1276,103,2023-01-27 15:56:00,2023-01-27 16:13:35,1055,settings,34
1277,104,2023-01-16 14:58:00,2023-01-16 15:34:57,2217,task_management,16
1278,103,2023-01-07 06:26:00,2023-01-07 06:39:42,822,reports,14
1279,101,2023-01-30 18:31:00,2023-01-30 19:22:18,3078,"collaboration, settings, task_management",45
1280,102,2023-01-15 05:18:00,2023-01-15 06:02:25,2665,"notifications, reports",32
1281,101,2023-01-13 02:36:00,2023-01-13 02:57:30,1290,"collaboration, settings",5
1282,104,2023-01-07 18:52:00,2023-01-07 19:27:10,2110,reports,48
1283,103,2023-01-14 11:56:00,2023-01-14 12:20:25,1465,settings,43
1284,102,2023-01-03 10:54:00,2023-01-03 11:06:32,752,"collaboration, task_management",46
1285,101,2023-01-12 07:08:00,2023-01-12 08:07:15,3555,"reports, collaboration, notifications",18
1286,103,2023-01-19 03:01:00,2023-01-19 03:53:32,3152,"notifications, collaboration, settings",15
1287,103,2023-01-04 13:57:00,2023-01-04 14:19:08,1328,"settings, reports, task_management",48
1288,102,2023-01-04 11:11:00,2023-01-04 11:29:02,1082,collaboration,11
1289,102,2023-01-24 01:48:00,2023-01-24 02:25:59,2279,"task_management, reports",44
1290,101,2023-01-30 04:32:00,2023-01-30 04:57:41,1541,notifications,44
1291,101,2023-01-02 02:59:00,2023-01-02 03:21:19,1339,"reports, settings",11
1292,102,2023-01-01 13:22:00,2023-01-01 13:50:02,1682,"task_management, settings",42
1293,103,2023-01-21 20:27:00,2023-01-21 20:51:04,1444,reports,30
1294,104,2023-01-22 14:58:00,2023-01-22 15:37:04,2344,notifications,38
1295,102,2023-01-17 11:53:00,2023-01-17 12:22:22,1762,task_management,24
1296,103,2023-01-23 19:01:00,2023-01-23 19:23:19,1339,settings,26
1297,101,2023-01-25 16:30:00,2023-01-25 17:16:12,2772,task_management,42
1298,101,2023-01-17 01:20:00,2023-01-17 02:08:22,2902,"collaboration, reports, notifications",18
1299,101,2023-01-03 16:15:00,2023-01-03 16:29:39,879,"task_management, notifications",42
1300,104,2023-01-22 16:34:00,2023-01-22 17:27:48,3228,"settings, notifications, task_management",27
1301,101,2023-01-03 23:25:00,2023-01-03 23:35:26,626,"settings, reports",12
1302,102,2023-01-26 06:20:00,2023-01-26 06:26:56,416,"task_management, collaboration",19
1303,102,2023-01-21 08:41:00,2023-01-21 09:29:35,2915,"collaboration, reports, task_management",30
1304,103,2023-01-02 11:40:00,2023-01-02 12:36:43,3403,"collaboration, task_management, notifications",34
1305,102,2023-01-07 07:03:00,2023-01-07 07:28:25,1525,"settings, collaboration, task_management",15
1306,103,2023-01-30 13:57:00,2023-01-30 14:40:52,2632,"notifications, settings, collaboration",35
1307,103,2023-01-03 21:56:00,2023-01-03 22:44:39,2919,"reports, task_management, settings",24
1308,101,2023-01-04 03:19:00,2023-01-04 04:03:13,2653,task_management,9
1309,102,2023-01-09 02:00:00,2023-01-09 02:10:16,616,"reports, settings, collaboration",11
1310,103,2023-01-20 21:58:00,2023-01-20 22:31:48,2028,"task_management, notifications, settings",39
1311,104,2023-01-10 18:16:00,2023-01-10 18:57:13,2473,"task_management, settings",48
1312,101,2023-01-11 00:01:00,2023-01-11 00:39:39,2319,task_management,22
1313,104,2023-01-01 22:23:00,2023-01-01 22:50:30,1650,"settings, reports, task_management",39
1314,103,2023-01-07 23:55:00,2023-01-08 00:47:41,3161,task_management,33
1315,102,2023-01-05 08:02:00,2023-01-05 08:42:54,2454,"reports, settings, notifications",42
1316,104,2023-01-12 13:29:00,2023-01-12 13:57:33,1713,"notifications, settings",47
1317,103,2023-01-07 13:30:00,2023-01-07 13:39:51,591,task_management,20
1318,101,2023-01-02 01:08:00,2023-01-02 01:14:49,409,"notifications, task_management",31
1319,104,2023-01-19 05:26:00,2023-01-19 06:04:52,2332,"notifications, settings, collaboration",45
1320,104,2023-01-21 09:00:00,2023-01-21 09:43:54,2634,"task_management, notifications, reports",41
1321,104,2023-01-07 22:13:00,2023-01-07 22:31:59,1139,"collaboration, settings",39
1322,102,2023-01-23 17:27:00,2023-01-23 17:35:13,493,"notifications, settings",39
1323,102,2023-01-02 23:34:00,2023-01-02 23:50:12,972,"settings, reports, task_management",38
1324,103,2023-01-12 14:46:00,2023-01-12 15:40:04,3244,"task_management, settings, collaboration",28
1325,104,2023-01-24 09:07:00,2023-01-24 09:27:30,1230,settings,27
1326,104,2023-01-12 02:42:00,2023-01-12 02:53:57,717,settings,40
1327,101,2023-01-24 04:42:00,2023-01-24 05:34:58,3178,"collaboration, reports",31
1328,103,2023-01-26 05:13:00,2023-01-26 05:22:12,552,"task_management, reports, settings",31
1329,103,2023-01-22 15:21:00,2023-01-22 15:48:11,1631,reports,33
1330,101,2023-01-14 12:51:00,2023-01-14 13:22:48,1908,"notifications, reports",48
1331,103,2023-01-14 15:44:00,2023-01-14 16:20:12,2172,"settings, task_management, reports",14
1332,101,2023-01-24 02:52:00,2023-01-24 03:23:23,1883,"collaboration, notifications, task_management",28
1333,101,2023-01-11 15:25:00,2023-01-11 15:37:19,739,"reports, collaboration",35
1334,101,2023-01-19 01:21:00,2023-01-19 02:02:15,2475,"notifications, collaboration",27
1335,104,2023-01-23 03:18:00,2023-01-23 03:27:25,565,"task_management, collaboration",19
1336,103,2023-01-03 03:29:00,2023-01-03 04:11:57,2577,"settings, task_management",12
1337,103,2023-01-10 21:01:00,2023-01-10 21:57:08,3368,task_management,43
1338,101,2023-01-05 00:09:00,2023-01-05 00:16:25,445,notifications,25
1339,102,2023-01-10 09:37:00,2023-01-10 09:51:55,895,"notifications, settings",14
1340,104,2023-01-20 22:38:00,2023-01-20 23:35:32,3452,"collaboration, reports, settings",48
1341,103,2023-01-20 09:34:00,2023-01-20 10:07:11,1991,"collaboration, reports, settings",37
1342,104,2023-01-11 04:29:00,2023-01-11 04:39:03,603,"settings, task_management, collaboration",15
1343,104,2023-01-23 00:12:00,2023-01-23 01:02:59,3059,"collaboration, task_management",29
1344,102,2023-01-05 03:11:00,2023-01-05 04:10:13,3553,collaboration,16
1345,103,2023-01-02 10:14:00,2023-01-02 10:46:40,1960,"reports, collaboration, notifications",18
1346,104,2023-01-01 17:57:00,2023-01-01 18:32:30,2130,"collaboration, settings, reports",19
1347,104,2023-01-02 00:32:00,2023-01-02 00:46:50,890,"reports, collaboration",50
1348,103,2023-01-18 08:48:00,2023-01-18 09:26:52,2332,"reports, task_management, collaboration",37
1349,102,2023-01-03 03:53:00,2023-01-03 04:15:41,1361,"notifications, settings",35
1350,102,2023-01-29 13:31:00,2023-01-29 14:00:29,1769,reports,10
1351,103,2023-01-30 01:12:00,2023-01-30 02:02:00,3000,"task_management, collaboration, reports",46
1352,104,2023-01-26 23:11:00,2023-01-26 23:24:50,830,"reports, task_management, collaboration",6
1353,103,2023-01-23 01:34:00,2023-01-23 01:57:39,1419,"settings, collaboration, task_management",44
1354,104,2023-01-01 06:38:00,2023-01-01 07:34:46,3406,"notifications, reports, settings",18
1355,104,2023-01-09 11:57:00,2023-01-09 12:18:43,1303,"notifications, collaboration, settings",39
1356,102,2023-01-22 21:20:00,2023-01-22 22:04:20,2660,"settings, collaboration",35
1357,101,2023-01-09 23:28:00,2023-01-10 00:14:58,2818,"notifications, collaboration",11
1358,104,2023-01-15 17:11:00,2023-01-15 17:19:36,516,"task_management, reports",8
1359,101,2023-01-27 06:19:00,2023-01-27 07:13:32,3272,"settings, task_management, notifications",9
1360,104,2023-01-20 08:46:00,2023-01-20 09:37:47,3107,"settings, notifications, task_management",45
1361,104,2023-01-15 03:51:00,2023-01-15 04:08:22,1042,"reports, settings, task_management",41
1362,103,2023-01-25 12:27:00,2023-01-25 13:03:15,2175,"settings, task_management",6
1363,103,2023-01-04 10:14:00,2023-01-04 11:03:27,2967,"task_management, settings, collaboration",11
1364,103,2023-01-11 11:42:00,2023-01-11 12:10:34,1714,"reports, notifications, task_management",33
1365,104,2023-01-11 18:25:00,2023-01-11 18:35:35,635,"task_management, collaboration",33
1366,104,2023-01-30 21:26:00,2023-01-30 21:31:06,306,"task_management, settings",8
1367,102,2023-01-08 05:42:00,2023-01-08 05:58:06,966,collaboration,24
1368,101,2023-01-07 14:41:00,2023-01-07 15:15:46,2086,"settings, reports",49
1369,104,2023-01-20 01:27:00,2023-01-20 02:22:34,3334,"notifications, task_management",33
1370,102,2023-01-29 17:07:00,2023-01-29 17:43:08,2168,"collaboration, settings",43
1371,104,2023-01-08 14:36:00,2023-01-08 15:17:08,2468,reports,50
1372,101,2023-01-06 05:29:00,2023-01-06 06:00:26,1886,task_management,32
1373,104,2023-01-22 17:12:00,2023-01-22 17:18:06,366,"reports, notifications, collaboration",27
1374,103,2023-01-17 16:58:00,2023-01-17 17:45:46,2866,collaboration,16
1375,104,2023-01-15 22:43:00,2023-01-15 23:20:10,2230,"collaboration, task_management, settings",18
1376,102,2023-01-13 00:34:00,2023-01-13 01:12:36,2316,"task_management, notifications",23
1377,101,2023-01-10 17:31:00,2023-01-10 17:51:04,1204,"collaboration, reports",16
1378,101,2023-01-08 16:06:00,2023-01-08 16:31:12,1512,task_management,23
1379,103,2023-01-29 04:13:00,2023-01-29 04:24:26,686,"notifications, settings",14
1380,101,2023-01-16 10:36:00,2023-01-16 10:42:49,409,"settings, collaboration",21
1381,104,2023-01-16 08:49:00,2023-01-16 09:30:36,2496,"settings, collaboration, task_management",44
1382,103,2023-01-18 09:56:00,2023-01-18 10:08:54,774,"reports, task_management",36
1383,103,2023-01-07 08:14:00,2023-01-07 09:11:02,3422,"reports, collaboration, task_management",35
1384,102,2023-01-23 10:13:00,2023-01-23 10:51:21,2301,"settings, reports, notifications",40
1385,102,2023-01-27 10:56:00,2023-01-27 11:31:36,2136,"notifications, collaboration, reports",6
1386,101,2023-01-29 18:31:00,2023-01-29 19:13:11,2531,"task_management, settings, collaboration",33
1387,103,2023-01-11 20:59:00,2023-01-11 21:25:15,1575,"notifications, task_management",48
1388,101,2023-01-03 03:15:00,2023-01-03 04:05:39,3039,task_management,10
1389,104,2023-01-06 22:56:00,2023-01-06 23:07:35,695,"notifications, collaboration, task_management",38
1390,103,2023-01-26 18:45:00,2023-01-26 18:58:49,829,"collaboration, notifications",17
1391,104,2023-01-01 06:46:00,2023-01-01 07:18:28,1948,"collaboration, task_management",38
1392,104,2023-01-13 15:34:00,2023-01-13 15:39:23,323,"settings, task_management, notifications",6
1393,101,2023-01-25 10:04:00,2023-01-25 10:31:32,1652,task_management,24
1394,101,2023-01-23 19:12:00,2023-01-23 19:24:50,770,"collaboration, notifications",37
1395,101,2023-01-07 13:48:00,2023-01-07 14:39:49,3109,task_management,6
1396,102,2023-01-14 14:43:00,2023-01-14 14:48:38,338,reports,28
1397,103,2023-01-16 16:54:00,2023-01-16 17:00:54,414,"settings, task_management",7
1398,102,2023-01-08 21:52:00,2023-01-08 22:37:26,2726,task_management,35
1399,103,2023-01-28 14:41:00,2023-01-28 15:36:11,3311,notifications,37
1400,104,2023-01-29 07:19:00,2023-01-29 08:15:28,3388,"collaboration, task_management",5
1401,103,2023-01-07 02:26:00,2023-01-07 03:21:16,3316,collaboration,25
1402,101,2023-01-10 21:19:00,2023-01-10 21:40:59,1319,"settings, task_management",7
1403,104,2023-01-15 14:13:00,2023-01-15 14:39:37,1597,reports,47
1404,101,2023-01-24 02:35:00,2023-01-24 03:12:57,2277,"settings, task_management, collaboration",45
1405,102,2023-01-03 11:03:00,2023-01-03 11:14:40,700,"settings, task_management, collaboration",8
1406,101,2023-01-29 03:58:00,2023-01-29 04:29:24,1884,"reports, collaboration",11
1407,104,2023-01-19 10:38:00,2023-01-19 10:49:52,712,settings,32
1408,104,2023-01-25 08:30:00,2023-01-25 09:13:18,2598,notifications,13
1409,101,2023-01-08 12:43:00,2023-01-08 13:32:35,2975,"collaboration, notifications",46
1410,101,2023-01-02 10:19:00,2023-01-02 10:33:47,887,"collaboration, task_management, reports",39
1411,102,2023-01-09 20:13:00,2023-01-09 20:50:58,2278,"settings, collaboration, notifications",17
1412,101,2023-01-19 09:16:00,2023-01-19 10:08:24,3144,settings,19
1413,104,2023-01-02 02:53:00,2023-01-02 03:33:19,2419,"settings, reports, collaboration",47
1414,101,2023-01-12 21:47:00,2023-01-12 22:16:09,1749,notifications,35
1415,102,2023-01-29 07:58:00,2023-01-29 08:29:13,1873,settings,37
1416,101,2023-01-02 23:22:00,2023-01-03 00:17:06,3306,task_management,12
1417,101,2023-01-09 16:58:00,2023-01-09 17:11:25,805,"task_management, reports",11
1418,102,2023-01-02 06:04:00,2023-01-02 07:02:42,3522,"task_management, settings, collaboration",44
1419,102,2023-01-23 17:10:00,2023-01-23 17:21:43,703,"reports, collaboration, settings",18
1420,103,2023-01-03 23:33:00,2023-01-04 00:07:42,2082,task_management,48
1421,101,2023-01-19 16:42:00,2023-01-19 17:37:12,3312,"task_management, collaboration",43
1422,102,2023-01-16 21:28:00,2023-01-16 21:56:29,1709,"notifications, task_management",45
1423,101,2023-01-19 12:26:00,2023-01-19 12:58:21,1941,collaboration,38
1424,102,2023-01-21 13:02:00,2023-01-21 13:28:21,1581,"reports, notifications",43
1425,101,2023-01-11 09:49:00,2023-01-11 10:47:58,3538,"settings, collaboration",40
1426,101,2023-01-20 10:45:00,2023-01-20 11:42:35,3455,notifications,36
1427,101,2023-01-21 20:11:00,2023-01-21 20:58:44,2864,"task_management, notifications",22
1428,104,2023-01-24 21:11:00,2023-01-24 21:44:01,1981,"settings, collaboration",8
1429,102,2023-01-10 00:56:00,2023-01-10 01:11:33,933,"reports, settings",43
1430,102,2023-01-08 11:17:00,2023-01-08 11:22:24,324,collaboration,44
1431,104,2023-01-02 07:00:00,2023-01-02 07:59:12,3552,task_management,12
1432,101,2023-01-16 20:06:00,2023-01-16 20:27:56,1316,settings,47
1433,104,2023-01-27 22:11:00,2023-01-27 22:16:06,306,"reports, notifications",16
1434,103,2023-01-22 13:15:00,2023-01-22 14:06:38,3098,"collaboration, settings, reports",25
1435,102,2023-01-16 09:25:00,2023-01-16 09:32:47,467,"task_management, reports",15
1436,104,2023-01-27 14:20:00,2023-01-27 15:00:41,2441,"settings, collaboration",24
1437,101,2023-01-18 10:05:00,2023-01-18 10:59:10,3250,"notifications, settings",5
1438,104,2023-01-29 10:43:00,2023-01-29 11:35:41,3161,settings,27
1439,101,2023-01-03 16:16:00,2023-01-03 16:22:46,406,task_management,34
1440,102,2023-01-22 17:24:00,2023-01-22 17:51:35,1655,"notifications, reports, settings",22
1441,104,2023-01-04 16:37:00,2023-01-04 17:33:05,3365,"notifications, reports",31
1442,102,2023-01-15 11:50:00,2023-01-15 11:56:20,380,"task_management, collaboration",34
1443,104,2023-01-25 15:03:00,2023-01-25 15:52:23,2963,"notifications, settings",7
1444,102,2023-01-26 09:24:00,2023-01-26 10:10:25,2785,"task_management, notifications, reports",24
1445,104,2023-01-18 10:25:00,2023-01-18 10:51:42,1602,"collaboration, task_management, settings",28
1446,103,2023-01-11 13:56:00,2023-01-11 14:41:29,2729,"settings, notifications",43
1447,104,2023-01-21 23:31:00,2023-01-22 00:04:12,1992,"settings, notifications",24
1448,103,2023-01-01 21:28:00,2023-01-01 21:45:25,1045,notifications,12
1449,102,2023-01-19 13:04:00,2023-01-19 13:59:04,3304,"reports, task_management",23
1450,104,2023-01-11 08:36:00,2023-01-11 08:54:51,1131,"collaboration, settings, notifications",30
1451,103,2023-01-05 23:07:00,2023-01-05 23:34:59,1679,"notifications, task_management, collaboration",26
1452,101,2023-01-17 02:42:00,2023-01-17 02:54:09,729,"settings, reports",17
1453,103,2023-01-12 03:04:00,2023-01-12 03:34:34,1834,"collaboration, settings, reports",39
1454,103,2023-01-12 17:57:00,2023-01-12 18:10:52,832,reports,41
1455,101,2023-01-21 01:20:00,2023-01-21 02:01:30,2490,reports,33
1456,102,2023-01-20 14:48:00,2023-01-20 15:24:19,2179,"task_management, collaboration",31
1457,104,2023-01-13 22:02:00,2023-01-13 22:59:38,3458,"reports, task_management, collaboration",5
1458,104,2023-01-10 14:05:00,2023-01-10 14:11:07,367,"reports, notifications",32
1459,104,2023-01-22 21:22:00,2023-01-22 22:16:14,3254,"collaboration, reports, settings",7
1460,101,2023-01-11 23:07:00,2023-01-11 23:17:18,618,"reports, notifications, task_management",17
1461,103,2023-01-10 03:42:00,2023-01-10 04:15:29,2009,reports,46
1462,104,2023-01-28 12:51:00,2023-01-28 13:15:22,1462,"settings, reports",22
1463,104,2023-01-02 20:19:00,2023-01-02 21:16:28,3448,"task_management, reports",27
1464,104,2023-01-03 11:52:00,2023-01-03 12:28:55,2215,"notifications, collaboration, settings",31
1465,104,2023-01-12 17:39:00,2023-01-12 18:18:36,2376,"notifications, settings",26
1466,103,2023-01-11 22:55:00,2023-01-11 23:38:59,2639,"notifications, settings, collaboration",33
1467,103,2023-01-15 19:23:00,2023-01-15 19:36:09,789,settings,49
1468,102,2023-01-10 18:57:00,2023-01-10 19:38:31,2491,"settings, reports",44
1469,104,2023-01-11 02:11:00,2023-01-11 03:07:19,3379,"collaboration, notifications, reports",31
1470,101,2023-01-13 03:42:00,2023-01-13 04:15:24,2004,task_management,34
1471,102,2023-01-13 09:52:00,2023-01-13 10:41:30,2970,"settings, notifications, task_management",16
1472,101,2023-01-19 05:05:00,2023-01-19 05:46:09,2469,"reports, collaboration, task_management",27
1473,103,2023-01-17 22:48:00,2023-01-17 22:54:42,402,task_management,49
1474,104,2023-01-08 10:19:00,2023-01-08 11:13:59,3299,"task_management, reports, notifications",50
1475,101,2023-01-11 11:12:00,2023-01-11 11:58:39,2799,settings,47
1476,101,2023-01-01 22:24:00,2023-01-01 23:21:37,3457,"collaboration, reports",38
1477,102,2023-01-04 16:04:00,2023-01-04 16:59:42,3342,"collaboration, reports, task_management",24
1478,101,2023-01-16 12:11:00,2023-01-16 12:30:47,1187,"notifications, reports",9
1479,104,2023-01-29 03:10:00,2023-01-29 03:39:51,1791,"reports, collaboration, notifications",21
1480,104,2023-01-11 07:00:00,2023-01-11 07:43:46,2626,settings,11
1481,102,2023-01-27 19:33:00,2023-01-27 19:40:02,422,settings,7
1482,104,2023-01-19 20:53:00,2023-01-19 21:15:06,1326,"collaboration, reports, task_management",45
1483,102,2023-01-23 16:06:00,2023-01-23 16:11:39,339,reports,8
1484,102,2023-01-03 10:44:00,2023-01-03 11:05:56,1316,reports,26
1485,104,2023-01-27 06:15:00,2023-01-27 07:11:34,3394,notifications,19
1486,103,2023-01-19 17:33:00,2023-01-19 17:49:15,975,reports,41
1487,102,2023-01-10 06:04:00,2023-01-10 06:11:55,475,"collaboration, reports",6
1488,101,2023-01-21 02:51:00,2023-01-21 03:29:37,2317,"reports, task_management, settings",21
1489,103,2023-01-07 13:03:00,2023-01-07 13:30:21,1641,settings,17
1490,104,2023-01-28 15:45:00,2023-01-28 15:56:23,683,settings,35
1491,103,2023-01-06 22:37:00,2023-01-06 23:20:34,2614,task_management,32
1492,104,2023-01-18 04:39:00,2023-01-18 05:29:33,3033,"settings, notifications, task_management",45
1493,104,2023-01-16 10:28:00,2023-01-16 11:20:21,3141,settings,5
1494,103,2023-01-26 12:34:00,2023-01-26 12:46:28,748,"reports, collaboration, settings",26
1495,101,2023-01-18 13:12:00,2023-01-18 13:33:34,1294,"notifications, task_management",24
1496,101,2023-01-19 09:05:00,2023-01-19 09:48:45,2625,"settings, collaboration, task_management",49
1497,102,2023-01-05 09:42:00,2023-01-05 10:41:14,3554,reports,47
1498,104,2023-01-04 18:05:00,2023-01-04 18:17:39,759,"notifications, task_management",46
1499,104,2023-01-29 00:48:00,2023-01-29 01:12:29,1469,settings,23
1500,102,2023-01-02 11:01:00,2023-01-02 11:08:24,444,"settings, reports",8
